<?xml version="1.0" encoding="utf-8"?>
<odoo>

    #-----------------Category concept----------------------------

    <!--    <record model="ir.module.category" id="group_commission_category">-->
    <!--        <field name="name">Sale Commission</field>-->
    <!--        <field name="sequence">5</field>-->
    <!--    </record>-->

    <record id="group_commission_access" model="res.groups">
        <field name="name">Sale Commission Access</field>
        <!--        <field name="category_id" ref="event_managment_system.group_commission_category"/>-->
    </record>

    <!--    <record id="group_commission_second_access" model="res.groups">-->
    <!--        <field name="name">Sale Commission Second Access</field>-->
    <!--        <field name="category_id" ref="event_managment_system.group_commission_category"/>-->
    <!--    </record>-->

    #-------------------------Implied ids concept-------------------------

    <!--    <record id="access_test_one_group" model="res.groups">-->
    <!--        <field name="name">Test one</field>-->
    <!--        <field name="category_id" ref="base.module_category_hidden"/>-->
    <!--        <field name="implied_ids" eval="[(6,0,[ref('event_managment_system.access_test_two_group'),ref('event_managment_system.access_test_three_group')])]"/>-->
    <!--    </record>-->

    <!--    <record id="access_test_two_group" model="res.groups">-->
    <!--        <field name="name">Test second</field>-->
    <!--        <field name="category_id" ref="base.module_category_hidden"/>-->
    <!--    </record>-->

    <!--    <record id="access_test_three_group" model="res.groups">-->
    <!--        <field name="name">Test three</field>-->
    <!--        <field name="category_id" ref="base.module_category_hidden"/>-->
    <!--    </record>-->

    #-------------------------Combo box layout------------------------------

    <record id="access_master_commission_group" model="ir.module.category">
        <field name="name">Sale Commission</field>
    </record>

    <record id="access_master_sub_commission_group" model="ir.module.category">
        <field name="name">Sale Commission</field>
        <field name="parent_id" ref="event_managment_system.access_master_commission_group"/>
    </record>

    <record id="access_employee_low_level_group" model="res.groups">
        <field name="name">Intern</field>
        <field name="category_id" ref="event_managment_system.access_master_sub_commission_group"/>
    </record>

    <record id="access_employee_mid_level_group" model="res.groups">
        <field name="name">Senior</field>
        <field name="category_id" ref="event_managment_system.access_master_sub_commission_group"/>
        <field name="implied_ids" eval="[(6,0,[ref('event_managment_system.access_employee_low_level_group')])]"/>
    </record>

    <record id="access_employee_admin_level_group" model="res.groups">
        <field name="name">Team Lead</field>
        <field name="category_id" ref="event_managment_system.access_master_sub_commission_group"/>
        <field name="implied_ids" eval="[(6,0,[ref('event_managment_system.access_employee_mid_level_group')])]"/>
    </record>

    # in side the csv file I have added some security for the low level, Mid level and admin level so please checkout for combobox

    <record id="commission_rule" model="ir.rule">
        <field name="name">Commission View Access</field>
        <field name="model_id" ref="model_sale_commission_online"/>
        <field name="domain_force">[('salesperson_id','=', user.id)]</field>
        <field name="groups" eval="[(4,ref('group_commission_access'))]"/>
    </record>

</odoo>
