<?xml version="1.0" ?>
<odoo>
    <data noupdate="0">
        <record id="customer_email_template" model="mail.template">
            <field name="name">Customer Email Template</field>
            <field name="model_id" ref="base.model_res_partner"/>
            <field name="subject">Sales Notification</field>
            <field name="email_from">{{object.create_uid.email or ''}}</field>
            <field name="email_to">{object.email}</field>
            <field name="report_template_ids" eval="[(4, ref('event_managment_system.action_customer_sale_qweb_report_id'))]"/>
            <field name="body_html"><![CDATA[
                <table border="0" cellpadding="0" cellspacing="0"
                       style="padding-top: 16px; background-color: #F1F1F1; font-family: Verdana, Arial, sans-serif; color: #454748; width: 100%; border-collapse: separate;">
                    <!-- Header -->
                    <tr>
                        <td align="center">
                            <table border="0" cellpadding="0" cellspacing="0" width="590"
                                   style="padding: 16px; background-color: white; color: #454748; border-collapse: separate;">
                                <tbody>
                                    <tr>
                                        <td align="center" style="min-width: 590px;">
                                            <table border="0" cellpadding="0" cellspacing="0" width="590"
                                                   style="min-width: 590px; background-color: white; padding: 0px 8px 0px 8px; border-collapse: separate;">
                                                <tr>
                                                    <td valign="middle">
                                                        <span style="font-size: 10px;">Your Sales Details</span>
                                                        <br/>
                                                        <span style="font-size: 20px; font-weight: bold;"><t t-out="object.name or ''">Marc Demo</t></span>
                                                    </td>
                                                </tr>
                                                <tr>
                                                    <td colspan="2" style="text-align:center;">
                                                        <hr width="100%" style="background-color:rgb(204,204,204);border:medium none;clear:both;display:block;font-size:0px;min-height:1px;line-height:0; margin:16px 0px 16px 0px;"/>
                                                    </td>
                                                </tr>
                                            </table>
                                        </td>
                                    </tr>
                                </tbody>
                            </table>
                        </td>
                    </tr>
                    <!-- Content -->
                    <tr>
                        <td align="center">
                            <table border="0" cellpadding="0" cellspacing="0" width="590"
                                   style="min-width: 590px; background-color: white; padding: 0px 8px 0px 8px; border-collapse: separate;">
                                <tr>
                                    <td valign="top" style="font-size: 13px;">
                                        <div>
                                            Dear <t t-out="object.name or ''">Marc Demo</t>,
                                            <br/>
                                            <br/>
                                            Welcome to <t t-out="object.company_id.name">YourCompany</t>'s Portal!
                                            <br/>
                                            <br/>
                                            You have total <b><t t-out="object.sale_order_count">0</t></b> Sales amd all the details are available in attachment.
                                            <br/>
                                            <br/>
                                            Please Checkout
                                        </div>
                                    </td>
                                </tr>
                                <tr>
                                    <td style="text-align:center;">
                                        <hr width="100%" style="background-color:rgb(204,204,204);border:medium none;clear:both;display:block;font-size:0px;min-height:1px;line-height:0; margin: 16px 0px 16px 0px;"/>
                                    </td>
                                </tr>
                            </table>
                        </td>
                    </tr>
                    <!-- Footer -->
                    <tr>
                        <td align="center">
                            <table border="0" cellpadding="0" cellspacing="0" width="590"
                                   style="min-width: 590px; background-color: white; font-size: 11px; padding: 0px 8px 0px 8px; border-collapse: separate;">
                                <tr>
                                    <td valign="middle" align="left">
                                        <t t-out="object.company_id.name or ''">YourCompany</t>
                                    </td>
                                </tr>
                                <tr>
                                    <td valign="middle" align="left" style="opacity: 0.7;">
                                        <t t-out="object.phone or ''">+1 650-123-4567</t>
                                        <t t-if="object.email">|
                                            <a t-attf-href="'mailto:%s' % {{ object.user_id.company_id.email }}"
                                               style="text-decoration:none; color: #454748;" t-out="object.email or ''">
                                                info@yourcompany.com
                                            </a>
                                        </t>
                                        <t t-if="object.website">|
                                            <a t-attf-href="'%s' % {{ object.user_id.company_id.website }}"
                                               style="text-decoration:none; color: #454748;"
                                               t-out="object.website or ''">http://www.example.com
                                            </a>
                                        </t>
                                    </td>
                                </tr>
                            </table>
                        </td>
                    </tr>
                </table>
            ]]></field>
            <field name="auto_delete" eval="True"/>
        </record>
    </data>
</odoo>
